PH2Number;PH2Name;PH3Number;PH3Name;PH4Number;PH4Name
750001;PIANO;750001001;UPRIGHT;750001001001;B-SERIES (YI / HY)
750001;PIANO;750001001;UPRIGHT;750001001002;GP (GC/CX)
750001;PIANO;750001002;GRANDPIANO;750001002001;GP
750001;PIANO;750001002;GRANDPIANO;750001002002;GP (GB)
750001;PIANO;750001003;SECOND HAND PIANO UP;750001003001;SECOND HAND PIANO UP
750001;PIANO;750001003;SECOND HAND PIANO UP;750001003002;SECOND HAND PIANO GP
750001;PIANO;750001004;DISKLAVIER;750001004001;UP
750001;PIANO;750001004;DISKLAVIER;750001004002;GP
750002;PREMIUM PIANO;750002001;GRANDPIANO Premium;750002001001;SX/CF
750003;BOSENDORFER;750003001;ACOUNTIC;750003001001;UP
750003;BOSENDORFER;750003001;ACOUNTIC;750003001002;GP
750003;BOSENDORFER;750003002;SILENT;750003002001;UP
750003;BOSENDORFER;750003002;SILENT;750003002002;GP
750004;HYBRID;750004001;HYBRID PIANO;750004001001;HYBRID PIANO
750004;HYBRID;750004002;AGENT HYBRID;750004002001;AGENT HYBRID
750005;Digital PIANO;750005001;SIMPLE;750005001001;SIMPLE
750005;Digital PIANO;750005002;VERSATILE;750005002001;VERSATILE
750005;Digital PIANO;750005003;COMPACT;750005003001;COMPACT
750005;Digital PIANO;750005004;OPEN DP;750005004001;SIMPLE
750005;Digital PIANO;750005004;OPEN DP;750005004002;VERSATILE
750005;Digital PIANO;750005004;OPEN DP;750005004003;COMPACT
750005;Digital PIANO;750005004;OPEN DP;750005004004;ACCESSORIES
750005;Digital PIANO;750005005;AGENT DP;750005005001;AGENT SIMPLE
750005;Digital PIANO;750005005;AGENT DP;750005005002;AGENT VERSATILE
750005;Digital PIANO;750005005;AGENT DP;750005005003;AGENT SMART
750005;Digital PIANO;750005005;AGENT DP;750005005004;AGENT CLP
750006;PORTABLE KEYBOARD;750006001;PK SELECTIVE;750006001001;PK SELECTIVE
750006;PORTABLE KEYBOARD;750006002;OPEN PK;750006002001;OPEN PK
750006;PORTABLE KEYBOARD;750006002;OPEN PK;750006002002;ACCESSORIES
750006;PORTABLE KEYBOARD;750006003;AGENT PK;750006003001;AGENT PK SELECTIVE
750007;B&O;750007001;STUDENT MODELS;750007001001;STUDENT, INTERMEDIATE
750007;B&O;750007002;PRO MODELS;750007002001;TR (6, 8, 0)
750007;B&O;750007002;PRO MODELS;750007002002;CL (6, CUSTOM)
750007;B&O;750007002;PRO MODELS;750007002003;SAX (6, 8)
750007;B&O;750007002;PRO MODELS;750007002004;FL (5-8)
750007;B&O;750007002;PRO MODELS;750007002005;GOLD FL
750007;B&O;750007002;PRO MODELS;750007002006;OB (8)
750007;B&O;750007002;PRO MODELS;750007002007;FG (8)
750007;B&O;750007002;PRO MODELS;750007002008;OTHER PRO
750007;B&O;750007003;OPEN B&O;750007003001;OPEN B&O
750008;STRING;750008001;ACOUSTIC STRING;750008001001;ACOUSTIC STRING
750008;STRING;750008002;SILENT STRING;750008002001;SILENT STRING
750008;STRING;750008003;OPEN STRING;750008003001;OPEN STRING
750009;PERCUSSION;750009001;CONCERT PERCUSSION;750009001001;CONCERT PERCUSSION
750009;PERCUSSION;750009002;MARCHING;750009002001;MARCHING
750009;PERCUSSION;750009003;OPEN PERCUSSION;750009003001;OPEN PERCUSSION
750010;GUITARS;750010001;ACOUSTIC GUITAR;750010001001;FG
750010;GUITARS;750010001;ACOUSTIC GUITAR;750010001002;LL
750010;GUITARS;750010001;ACOUSTIC GUITAR;750010001003;A
750010;GUITARS;750010001;ACOUSTIC GUITAR;750010001004;APX/CPX
750010;GUITARS;750010001;ACOUSTIC GUITAR;750010001005;NX
750010;GUITARS;750010001;ACOUSTIC GUITAR;750010001006;FOLK HIGH RANGE
750010;GUITARS;750010001;ACOUSTIC GUITAR;750010001007;CG
750010;GUITARS;750010001;ACOUSTIC GUITAR;750010001008;CLASSIC HIGH RANGE
750010;GUITARS;750010001;ACOUSTIC GUITAR;750010001009;SILENT
750010;GUITARS;750010002;ELECTRIC GUITAR;750010002001;REVSTAR
750010;GUITARS;750010002;ELECTRIC GUITAR;750010002002;EG
750010;GUITARS;750010002;ELECTRIC GUITAR;750010002003;EB
750010;GUITARS;750010002;ELECTRIC GUITAR;750010002004;ELECTRIC HIGH RANGE
750010;GUITARS;750010003;AMPS&TUNER;750010003001;THR
750010;GUITARS;750010003;AMPS&TUNER;750010003002;THR HEAD
750010;GUITARS;750010004;OPEN GUITAR;750010004001;OPEN GUITAR
750011;DRUMS;750011001;ADRUM;750011001001;ADRUM MID RANGE
750011;DRUMS;750011001;ADRUM;750011001002;ADRUM HIGH RANGE
750011;DRUMS;750011002;HARDWARE;750011002001;HARDWARE
750011;DRUMS;750011003;EDRUM;750011003001;DTX MID RANGE
750011;DRUMS;750011003;EDRUM;750011003002;DTX HIGH RANGE
750011;DRUMS;750011003;EDRUM;750011003003;DTX SINGLE COMPONENT
750011;DRUMS;750011004;OPEN DRUMS;750011004001;OPEN ADRUM
750011;DRUMS;750011004;OPEN DRUMS;750011004002;OPEN EDRUM
750011;DRUMS;750011005;AGENT DRUMS;750011005001;EAD
750012;SY&DE;750012001;SYNTH SELECTIVE;750012001001;SYNTH
750012;SY&DE;750012002;STAGEPIANO;750012002001;STAGEPIANO
750012;SY&DE;750012003;REFACE;750012003001;REFACE
750012;SY&DE;750012004;OPEN SYNTH;750012004001;OPEN SYNTH
750012;SY&DE;750012005;AGENT SY;750012005001;AGENT SYNTH
750013;LINE6;750013001;L6 AMP;750013001001;SPIDER SERIES
750013;LINE6;750013001;L6 AMP;750013001002;CATALYST SERIES
750013;LINE6;750013002;L6 FX&MODELER;750013002001;FX
750013;LINE6;750013002;L6 FX&MODELER;750013002002;POD
750013;LINE6;750013002;L6 FX&MODELER;750013002003;HELIX
750013;LINE6;750013003;L6 GUITAR;750013003001;L6 GUITAR
750013;LINE6;750013004;L6 RELAY WIRELESS;750013004001;RELAY WIRELESS
750013;LINE6;750013005;OPEN L6;750013005001;OPEN L6
750013;LINE6;750013006;AGENT L6;750013006001;HELIX
750014;AMPEG;750014001;AMPEG AMP;750014001001;AMPEG AMP MID RANGE
750014;AMPEG;750014001;AMPEG AMP;750014001002;AMPEG AMP HIGH RANGE
750014;AMPEG;750014002;AMPEG FX;750014002001;AMPEG FX
750014;AMPEG;750014003;AMPEG ACCESSORIES;750014003001;AMPEG ACCESSORIES
750014;AMPEG;750014004;OPEN AMPEG;750014004001;OPEN AMPEG
750015;MUSICSCHOOL;750015001;MATERIAL C1;750015001001;MATERIAL C1
750015;MUSICSCHOOL;750015002;MATERIAL C2;750015002001;MATERIAL C2
750015;MUSICSCHOOL;750015003;OPEN MATERIAL C3;750015003001;OPEN MATERIAL C3
750016;CS&C;750016001;ANALOG MIXER;750016001001;MG SERIES
750016;CS&C;750016001;ANALOG MIXER;750016001002;MGP SERIES
750016;CS&C;750016002;MONITOR SPEAKER;750016002001;MSP SERIES
750016;CS&C;750016002;MONITOR SPEAKER;750016002002;HS SERIES
750016;CS&C;750016002;MONITOR SPEAKER;750016002003;SPEAKER OPTIONS
750016;CS&C;750016003;PORTABLE PA;750016003001;STAGEPAS SERIES
750016;CS&C;750016004;MICROPHONES;750016004001;CONDENSOR MICROPHONE
750016;CS&C;750016004;MICROPHONES;750016004002;DYNAMIC MICROPHONE
750016;CS&C;750016005;OPEN CS&C;750016005001;ACCESSORY
750016;CS&C;750016005;OPEN CS&C;750016005002;EMX SERIES OPEN
750016;CS&C;750016005;OPEN CS&C;750016005010;INTERFACE OPEN
750016;CS&C;750016006;POWER AMP;750016006001;PX SERIES
750016;CS&C;750016007;SPEAKER;750016007001;CBR SERIES
750016;CS&C;750016007;SPEAKER;750016007002;DXR SERIES
750016;CS&C;750016007;SPEAKER;750016007003;DXS-SERIES
750016;CS&C;750016007;SPEAKER;750016007004;DZR SERIES
750016;CS&C;750016007;SPEAKER;750016007005;DHR SERIES
750016;CS&C;750016007;SPEAKER;750016007006;CXS SERIES
750016;CS&C;750016007;SPEAKER;750016007007;CZR SERIES
750016;CS&C;750016007;SPEAKER;750016007008;CHR SERIES
750016;CS&C;750016007;SPEAKER;750016007009;CXR SERIES
750016;CS&C;750016008;OPEN CS&C - SMTG SOFTWARE;750016008003;CUBASE FAMILY
750016;CS&C;750016009;OPEN CS&C - SMTG INTERFACE;750016009001;SMTG CONTROLLER
750017;E-PA;750017001;DIGITAL MIXER;750017001001;DM7 SERIES
750017;E-PA;750017001;DIGITAL MIXER;750017001002;CL SERIES
750017;E-PA;750017001;DIGITAL MIXER;750017001003;QL SERIES
750017;E-PA;750017001;DIGITAL MIXER;750017001004;DM7 SERIES
750017;E-PA;750017001;DIGITAL MIXER;750017001005;CL SERIES
750017;E-PA;750017001;DIGITAL MIXER;750017001006;QL SERIES
750017;E-PA;750017002;NETWORK DSP;750017002001;NETWORK IO
750017;E-PA;750017003;PROCESSOR EPA;750017003001;SWP SERIES
750017;E-PA;750017003;PROCESSOR EPA;750017003002;INTERFACE CARDS
750017;E-PA;750017003;PROCESSOR EPA;750017003003;AFC SERIES
750017;E-PA;750017004;POWER AMP;750017004001;DM7 SERIES
750017;E-PA;750017004;POWER AMP;750017004002;CL SERIES
750017;E-PA;750017005;SPEAKER;750017005001;QL SERIES
750017;E-PA;750017005;SPEAKER;750017005002;AFC SERIES
750017;E-PA;750017005;SPEAKER;750017005003;PC/PCN SERIES
750017;E-PA;750017005;SPEAKER;750017005004;PX SERIES
750017;E-PA;750017005;SPEAKER;750017005005;CBR SERIES
750017;E-PA;750017005;SPEAKER;750017005006;DXR SERIES
750017;E-PA;750017005;SPEAKER;750017005007;DXS-SERIES
750017;E-PA;750017005;SPEAKER;750017005008;DZR SERIES
750017;E-PA;750017005;SPEAKER;750017005010;DHR SERIES
750017;E-PA;750017005;SPEAKER;750017005011;CXS SERIES
750017;E-PA;750017006;PERIPHERAL;750017006001;R/T SERIES
750017;E-PA;750017006;PERIPHERAL;750017006002;SWP SERIES
750017;E-PA;750017006;PERIPHERAL;750017006003;INTERFACE CARDS
750018;CA Advanced Systems;750018001;INSTALL;750018001001;RM SERIES
750018;CA Advanced Systems;750018002;PROCESSOR EPA;750018002001;DME SERIES
750018;CA Advanced Systems;750018002;PROCESSOR EPA;750018002002;DME OPTIONS
750018;CA Advanced Systems;750018002;PROCESSOR EPA;750018002003;AFC SERIES
750018;CA Advanced Systems;750018003;POWER AMP;750018003001;PC/PCN SERIES
750018;CA Advanced Systems;750018004;LICENSE;750018004001;LICENSE
750018;CA Advanced Systems;750018005;SPEAKER;750018005001;IS SERIES
750018;CA Advanced Systems;750018005;SPEAKER;750018005002;SPEAKER ACCESSORIES
750018;CA Advanced Systems;750018006;SWITCHES;750018006001;SWR SERIES
750018;CA Advanced Systems;750018006;SWITCHES;750018006002;SWR OPTION
750018;CA Advanced Systems;750018006;SWITCHES;750018006003;SWX SERIES
750018;CA Advanced Systems;750018007;CIS POWER AMP;750018007001;MA/PA SERIES
750018;CA Advanced Systems;750018007;CIS POWER AMP;750018007002;XMV SERIES
750018;CA Advanced Systems;750018008;CIS PROCESSOR;750018008001;MTX SERIES
750018;CA Advanced Systems;750018008;CIS PROCESSOR;750018008002;MRX SERIES
750018;CA Advanced Systems;750018008;CIS PROCESSOR;750018008003;MTX/MRX OPTION
750018;CA Advanced Systems;750018009;CIS SPEAKER;750018009001;VS SERIES
750018;CA Advanced Systems;750018009;CIS SPEAKER;750018009002;VXC SERIES
750018;CA Advanced Systems;750018009;CIS SPEAKER;750018009003;VXS SERIES
750018;CA Advanced Systems;750018009;CIS SPEAKER;750018009004;VXH SERIES
750018;CA Advanced Systems;750018009;CIS SPEAKER;750018009005;VXL SERIES
750018;CA Advanced Systems;750018009;CIS SPEAKER;750018009006;SPEAKER OPTIONS
750019;PA OPEN;750019001;OPEN CS&C;750019001001;MG SERIES OPEN
750019;PA OPEN;750019001;OPEN CS&C;750019001002;EMX SERIES OPEN
750019;PA OPEN;750019001;OPEN CS&C;750019001003;STAGEPAS SERIES OPEN
750019;PA OPEN;750019001;OPEN CS&C;750019001004;ACCESSORIES OPEN
750019;PA OPEN;750019001;OPEN CS&C;750019001005;MSP SERIES OPEN
750019;PA OPEN;750019001;OPEN CS&C;750019001006;HS SERIES OPEN
750019;PA OPEN;750019001;OPEN CS&C;750019001007;HEADPHONES OPEN
750019;PA OPEN;750019001;OPEN CS&C;750019001008;MICROPHONES OPEN
750019;PA OPEN;750019001;OPEN CS&C;750019001009;AG SERIES OPEN
750019;PA OPEN;750019001;OPEN CS&C;750019001010;INTERFACE OPEN
750019;PA OPEN;750019001;OPEN CS&C;750019001011;USB MICROPHONE OPEN
750019;PA OPEN;750019002;OPEN CS&C - SMTG SOFTWARE;750019002001;NUENDO FAMILY
750019;PA OPEN;750019002;OPEN CS&C - SMTG SOFTWARE;750019002002;SMTG UPDATE
750019;PA OPEN;750019002;OPEN CS&C - SMTG SOFTWARE;750019002003;CUBASE FAMILY
750019;PA OPEN;750019002;OPEN CS&C - SMTG SOFTWARE;750019002004;SEQUEL FAMILY
750019;PA OPEN;750019002;OPEN CS&C - SMTG SOFTWARE;750019002005;VI FAMILY
750019;PA OPEN;750019002;OPEN CS&C - SMTG SOFTWARE;750019002006;WAVELAB FAMILY
750019;PA OPEN;750019002;OPEN CS&C - SMTG SOFTWARE;750019002007;SMTG SOFT OTHER
750019;PA OPEN;750019003;OPEN CS&C - SMTG INTERFACE;750019003001;SMTG CONTROLLER
750019;PA OPEN;750019003;OPEN CS&C - SMTG INTERFACE;750019003002;SMTG INTERFACE
750019;PA OPEN;750019004;OPEN E-PA;750019004001;SPEAKER ACCESSORIES
750019;PA OPEN;750019004;OPEN E-PA;750019004002;MS SERIES
750019;PA OPEN;750019004;OPEN E-PA;750019004003;DBR SERIES
750019;PA OPEN;750019005;SPEAKERPHONE;750019005001;YVC SERIES
750019;PA OPEN;750019006;VIDEO;750019006001;CS SERIES
750019;PA OPEN;750019007;OTHERS;750019007001;OTHERS
750019;PA OPEN;750019008;OPEN BS;750019008001;VC SERIES
750019;PA OPEN;750019008;OPEN BS;750019008002;NSAW SERIES
750019;PA OPEN;750019008;OPEN BS;750019008003;NSIC SERIES
750020;Commercial Solutions;750020001;DIGITAL MIXER;750020001001;TF SERIES
750020;Commercial Solutions;750020001;DIGITAL MIXER;750020001002;DM3 SERIES
750020;Commercial Solutions;750020002;PERIPHERAL;750020002001;R/T SERIES
750021;CA Premium Systems;750021001;DIGITAL MIXER;750021001001;PM SERIES
750022;PostPro Systems;750022001;NUAGE MAIN UNIT;750022001001;NUAGE CONTROL
750022;PostPro Systems;750022002;NUAGE PERIPHERALS;750022002001;NUAGE IO
750022;PostPro Systems;750022002;NUAGE PERIPHERALS;750022002002;NUAGE OPTIONS
750022;PostPro Systems;750022002;NUAGE PERIPHERALS;750022002003;SYNC STATION
750023;NEXO;750023001;NEXO;750023001001;NEXO
750023;NEXO;750023001;NEXO;750023001002;GEO D LOUD SP
750023;NEXO;750023001;NEXO;750023001003;GEO S LOUD SP
750023;NEXO;750023001;NEXO;750023001004;GEO M LOUD SP
750023;NEXO;750023001;NEXO;750023001005;ALPHA LOUD SP
750023;NEXO;750023001;NEXO;750023001006;PS LOUD SP
750023;NEXO;750023001;NEXO;750023001007;ID LOUD SP
750023;NEXO;750023001;NEXO;750023001008;RS SUBWOOFER
750023;NEXO;750023001;NEXO;750023001009;LS SUBWOOFER
750023;NEXO;750023001;NEXO;750023001010;MONITOR
750023;NEXO;750023001;NEXO;750023001011;DTD
750023;NEXO;750023002;NEXO AMP;750023002001;NXAMP
750023;NEXO;750023002;NEXO AMP;750023002002;DTDAMP
750023;NEXO;750023003;NEXO ACCESSORY;750023003001;ACCESSORY
750024;HOME AUDIO SELECTIVE;750024001;SELECTIVE HIFI;750024001001;SELECTIVE A-S
750024;HOME AUDIO SELECTIVE;750024001;SELECTIVE HIFI;750024001002;SELECTIVE CD-S
750024;HOME AUDIO SELECTIVE;750024001;SELECTIVE HIFI;750024001003;SELECTIVE CD-C
750024;HOME AUDIO SELECTIVE;750024001;SELECTIVE HIFI;750024001004;SELECTIVE R-S
750024;HOME AUDIO SELECTIVE;750024001;SELECTIVE HIFI;750024001005;SELECTIVE R-N
750024;HOME AUDIO SELECTIVE;750024001;SELECTIVE HIFI;750024001006;SELECTIVE TT-S
750024;HOME AUDIO SELECTIVE;750024001;SELECTIVE HIFI;750024001007;SELECTIVE TT-N
750024;HOME AUDIO SELECTIVE;750024001;SELECTIVE HIFI;750024001008;SELECTIVE NS
750024;HOME AUDIO SELECTIVE;750024001;SELECTIVE HIFI;750024001009;SELECTIVE SW
750024;HOME AUDIO SELECTIVE;750024002;SELECTIVE AVR;750024002001;SELECTIVE RX-V
750024;HOME AUDIO SELECTIVE;750024002;SELECTIVE AVR;750024002002;SELECTIVE TSR
750024;HOME AUDIO SELECTIVE;750024002;SELECTIVE AVR;750024002003;SELECTIVE YHT
750024;HOME AUDIO SELECTIVE;750024003;SELECTIVE SOUNDBAR;750024003001;SELECTIVE SR-X
750024;HOME AUDIO SELECTIVE;750024003;SELECTIVE SOUNDBAR;750024003002;SELECTIVE SR-B
750024;HOME AUDIO SELECTIVE;750024003;SELECTIVE SOUNDBAR;750024003003;SELECTIVE SR-C
750024;HOME AUDIO SELECTIVE;750024003;SELECTIVE SOUNDBAR;750024003004;SELECTIVE ATS
750024;HOME AUDIO SELECTIVE;750024003;SELECTIVE SOUNDBAR;750024003005;SELECTIVE YAS
750024;HOME AUDIO SELECTIVE;750024004;SELECTIVE DTA;750024004001;SELECTIVE WX
750024;HOME AUDIO SELECTIVE;750024004;SELECTIVE DTA;750024004002;SELECTIVE WS
750024;HOME AUDIO SELECTIVE;750024004;SELECTIVE DTA;750024004003;SELECTIVE TSX
750024;HOME AUDIO SELECTIVE;750024005;SELECTIVE OTHERS;750024005001;SELECTIVE XDA
750024;HOME AUDIO SELECTIVE;750024005;SELECTIVE OTHERS;750024005002;SELECTIVE ACCESSORY
750024;HOME AUDIO SELECTIVE;750024006;PA SPEAKER;750024006001;PA SPEAKER
750025;HOME AUDIO PREMIUM;750025001;PREMIUM HIFI;750025001001;PREMIUM A-S
750025;HOME AUDIO PREMIUM;750025001;PREMIUM HIFI;750025001002;PREMIUM R-N
750025;HOME AUDIO PREMIUM;750025001;PREMIUM HIFI;750025001003;PREMIUM NS
750025;HOME AUDIO PREMIUM;750025002;PREMIUM AVR;750025002001;PREMIUM RX-A
750025;HOME AUDIO PREMIUM;750025003;PREMIUM SOUNDBAR;750025003001;PREMIUM SR-X
750025;HOME AUDIO PREMIUM;750025004;PREMIUM OTHERS;750025004001;PREMIUM ACCESSORY
750026;HOME AUDIO HIGHEND;750026001;HIGHEND HIFI;750026001001;HIGHEND A-S
750026;HOME AUDIO HIGHEND;750026001;HIGHEND HIFI;750026001002;HIGHEND C
750026;HOME AUDIO HIGHEND;750026001;HIGHEND HIFI;750026001003;HIGHEND M
750026;HOME AUDIO HIGHEND;750026001;HIGHEND HIFI;750026001004;HIGHEND GT
750026;HOME AUDIO HIGHEND;750026001;HIGHEND HIFI;750026001005;HIGHEND NS
750026;HOME AUDIO HIGHEND;750026002;HIGHEND SOUNDBAR;750026002001;HIGHEND SR-X
750026;HOME AUDIO HIGHEND;750026003;HIGHEND OTHERS;750026003001;HIGHEND ACCESSORY
750027;HOME AUDIO OPEN;750027001;OPEN HPEP;750027001001;OPEN TW
750027;HOME AUDIO OPEN;750027001;OPEN HPEP;750027001002;OPEN YH-E
750027;HOME AUDIO OPEN;750027001;OPEN HPEP;750027001003;OPEN WS-B
750027;HOME AUDIO OPEN;750027001;OPEN HPEP;750027001004;OPEN ACCESSORY
750028;HOME AUDIO HPEP SELECTIVE;750028001;SELECTIVE HPEP;750028001001;YH-L
750029;HOME AUDIO HPEP HIGHEND;750029001;HIGHEND HPEP;750029001001;YH
750029;HOME AUDIO HPEP HIGHEND;750029001;HIGHEND HPEP;750029001002;YH-C
750029;HOME AUDIO HPEP HIGHEND;750029001;HIGHEND HPEP;750029001003;YH-W
750029;HOME AUDIO HPEP HIGHEND;750029002;HIGHEND HP AMP;750029002001;HP
750030;SERVICE PARTS;750030001;SERVICE PARTS;750030001001;SERVICE PARTS
750031;3RD PARTY PRODUCTS;750031001;PROTECTION RACKET;750031001001;PROTECTION RACKET
750031;3RD PARTY PRODUCTS;750031002;PAISTE;750031002001;PAISTE
750031;3RD PARTY PRODUCTS;750031003;ULTIMATE;750031003001;ULTIMATE
750032;PROMOTIONAL MATERIALS;750032001;PROMOTIONAL MATERIALS;750032001001;PROMOTIONAL MATERIALS
750033;HOME AUDIO CA;750033001;CA RACK;750033001001;CA RACK
750033;HOME AUDIO CA;750033002;CA SPEAKER;750033002001;CA SPEAKER
750033;HOME AUDIO CA;750033003;CA XDA;750033003001;CA XDA
750034;HOME AUDIO DISCONTINUED;750034001;HOME AUDIO DISCONTINUED;750034001001;HOME AUDIO DISCONTINUED
750035;YAMAHA MUSIC LONDON;750035001;YAMAHA MUSIC LONDON;750035001001;YAMAHA MUSIC LONDON
750036;DUMMY MATERIALS;750036001;DUMMY MATERIALS;750036001001;DUMMY MATERIALS
750037;HOME AUDIO AGENCY;750037001;SOUNDBARS;750037001001;SOUNDBARS
750055;CORDOBA;750055001;OPEN CORDOBA;750055001001;OPEN CORDOBA
750055;CORDOBA;750055001;OPEN CORDOBA;750055001002;OPEN HUMICASE
750055;CORDOBA;750055001;OPEN CORDOBA;750055001003;OPEN DeARMOND
750055;CORDOBA;750055002;SELECTIVE CORDOBA;750055002001;SELECTIVE CORDOBA
750056;GUILD;750056001;OPEN GUILD;750056001001;OPEN GUILD
750056;GUILD;750056002;SELECTIVE GUILD;750056002001;SELECTIVE GUILD
750062;DIGITAL SOLUTIONS;750062001;DIGITAL MIXER;750062001001;DIGITAL MIXER
750062;DIGITAL SOLUTIONS;750062002;D-SPEAKER;750062002001;D-SPEAKER
750063;ADVANCED SOLUTIONS;750063001;ADVANCED DIGITAL MIXER;750063001001;ADVANCED DIGITAL MIXER
750064;PROAV COMPONENTS;750064001;ELECTRONICS;750064001001;ELECTRONICS
750064;PROAV COMPONENTS;750064002;CIS SPEAKER;750064002001;CIS SPEAKER
750064;PROAV COMPONENTS;750064003;ADECIA;750064003001;ADECIA
750065;PREMIUM COMPONENTS;750065001;PREMIUM COMPONENTS;750065001001;PREMIUM COMPONENTS
